id,result
1,정규직
2,촉탁직
3,정규직
4,정규직
5,정규직
6,정규직
7,정규직
8,정규직
9,정규직
10,정규직
11,정규직
12,정규직
13,정규직
14,정규직
15,정규직
16,정규직
17,정규직
18,정규직
19,정규직
20,정규직
21,정규직
22,정규직
23,정규직
24,정규직
25,정규직
26,정규직
27,정규직
28,정규직
29,정규직
30,정규직
31,정규직
32,정규직
33,정규직
34,정규직
35,정규직
36,정규직
37,정규직
38,정규직
39,정규직
40,정규직
41,정규직
42,정규직
43,정규직
44,정규직
45,정규직
46,정규직
47,정규직
48,정규직
49,정규직
50,정규직
51,정규직
52,정규직
53,정규직
54,정규직
55,정규직
56,정규직
57,정규직
58,정규직
59,정규직
60,정규직
61,정규직
62,정규직
63,정규직
64,정규직
65,정규직
66,정규직
67,정규직
68,정규직
69,정규직
70,정규직
71,정규직
72,정규직
73,정규직
74,정규직
75,정규직
76,정규직
77,정규직
78,정규직
79,정규직
80,정규직
81,정규직
82,정규직
83,정규직
84,정규직
85,정규직
86,정규직
87,정규직
88,정규직
89,정규직
90,정규직
91,정규직
92,정규직
93,정규직
94,정규직
95,정규직
96,정규직
97,정규직
98,정규직
99,정규직
100,정규직
101,정규직
102,정규직
103,정규직
104,정규직
105,정규직
106,정규직
107,정규직
108,정규직
109,정규직
110,정규직
111,정규직
112,정규직
113,정규직
114,정규직
115,정규직
116,정규직
117,정규직
118,정규직
119,정규직
120,정규직
121,정규직
122,정규직
123,정규직
124,정규직
125,정규직
126,촉탁직
127,정규직
128,정규직
129,정규직
130,정규직
131,정규직
132,정규직
133,정규직
134,정규직
135,정규직
136,정규직
137,정규직
138,정규직
139,정규직
140,정규직
141,정규직
142,정규직
143,정규직
144,정규직
145,정규직
146,정규직
147,정규직
148,정규직
149,정규직
150,정규직
151,정규직
152,정규직
153,정규직
154,정규직
155,정규직
156,정규직
157,정규직
158,정규직
159,정규직
160,정규직
161,정규직
162,정규직
163,정규직
164,정규직
165,정규직
166,정규직
167,정규직
168,정규직
169,정규직
170,정규직
171,정규직
172,정규직
173,정규직
174,정규직
175,정규직
176,정규직
177,정규직
178,정규직
179,정규직
180,정규직
181,정규직
182,정규직
183,정규직
184,정규직
185,정규직
186,정규직
187,정규직
188,정규직
189,정규직
190,정규직
191,정규직
192,정규직
193,정규직
194,정규직
195,정규직
196,정규직
197,정규직
198,정규직
199,정규직
200,촉탁직
201,정규직
202,정규직
203,정규직
204,정규직
205,정규직
206,촉탁직
207,정규직
208,정규직
209,정규직
210,정규직
211,정규직
212,정규직
213,정규직
214,정규직
215,정규직
216,정규직
217,정규직
218,정규직
219,정규직
220,정규직
221,정규직
222,정규직
223,정규직
224,정규직
225,정규직
226,정규직
227,정규직
228,정규직
229,정규직
230,정규직
231,정규직
232,정규직
233,정규직
234,정규직
235,정규직
236,정규직
237,정규직
238,정규직
239,정규직
240,정규직
241,정규직
242,정규직
243,정규직
244,정규직
245,정규직
246,정규직
247,정규직
248,정규직
249,정규직
250,정규직
251,정규직
252,정규직
253,정규직
254,정규직
255,정규직
256,정규직
257,정규직
258,정규직
259,정규직
260,정규직
261,정규직
262,정규직
263,정규직
264,정규직
265,정규직
266,정규직
267,정규직
268,정규직
269,정규직
270,정규직
271,정규직
272,정규직
273,정규직
274,정규직
275,정규직
276,정규직
277,정규직
278,정규직
279,정규직
280,정규직
281,정규직
282,촉탁직
283,정규직
284,정규직
285,정규직
286,정규직
287,정규직
288,정규직
289,정규직
290,정규직
291,정규직
292,정규직
293,정규직
294,정규직
295,정규직
296,정규직
297,정규직
298,정규직
299,정규직
300,정규직
301,정규직
302,정규직
303,정규직
304,정규직
305,정규직
306,정규직
307,정규직
308,정규직
309,정규직
310,정규직
311,정규직
312,정규직
313,정규직
314,정규직
315,정규직
316,정규직
317,정규직
318,정규직
319,정규직
320,정규직
321,정규직
322,정규직
323,정규직
324,정규직
325,정규직
326,정규직
327,정규직
328,정규직
329,정규직
330,정규직
331,촉탁직
332,정규직
333,정규직
334,정규직
335,정규직
336,정규직
337,정규직
338,정규직
339,정규직
340,정규직
341,정규직
342,정규직
343,정규직
344,정규직
345,정규직
346,정규직
347,정규직
348,정규직
349,정규직
350,정규직
351,정규직
352,정규직
353,정규직
354,정규직
355,정규직
356,정규직
357,정규직
358,정규직
359,정규직
360,정규직
361,정규직
362,정규직
363,정규직
364,정규직
365,정규직
366,정규직
367,정규직
368,정규직
369,정규직
370,정규직
371,정규직
372,정규직
373,정규직
374,정규직
375,정규직
376,정규직
377,정규직
378,정규직
379,정규직
380,정규직
381,정규직
382,정규직
383,정규직
384,정규직
385,정규직
386,정규직
387,정규직
388,정규직
389,정규직
390,정규직
391,정규직
392,정규직
393,정규직
394,정규직
395,정규직
396,촉탁직
397,정규직
398,정규직
399,정규직
400,정규직
401,정규직
402,정규직
403,정규직
404,정규직
405,정규직
406,정규직
407,정규직
408,정규직
409,정규직
410,정규직
411,정규직
412,정규직
413,정규직
414,정규직
415,정규직
416,정규직
417,정규직
418,정규직
419,정규직
420,정규직
421,정규직
422,정규직
423,정규직
424,정규직
425,정규직
426,정규직
427,정규직
428,정규직
429,정규직
430,정규직
431,정규직
432,정규직
433,정규직
434,정규직
435,정규직
436,정규직
437,정규직
438,정규직
439,정규직
440,정규직
441,정규직
442,정규직
443,정규직
444,정규직
445,정규직
446,정규직
447,정규직
448,정규직
449,정규직
450,정규직
451,정규직
452,정규직
453,정규직
454,정규직
455,정규직
456,정규직
457,정규직
458,정규직
459,정규직
460,정규직
461,정규직
462,정규직
463,정규직
464,정규직
465,정규직
466,정규직
467,정규직
468,정규직
469,정규직
470,정규직
471,정규직
472,정규직
473,정규직
474,정규직
475,정규직
476,정규직
477,정규직
478,정규직
479,정규직
480,정규직
481,정규직
482,정규직
483,정규직
484,정규직
485,정규직
486,정규직
487,정규직
488,정규직
489,정규직
490,정규직
491,정규직
492,정규직
493,정규직
494,정규직
495,정규직
496,정규직
497,정규직
498,정규직
499,정규직
500,정규직
501,정규직
502,정규직
503,정규직
504,정규직
505,정규직
506,정규직
507,정규직
508,정규직
509,정규직
510,정규직
511,정규직
512,정규직
513,정규직
514,정규직
515,정규직
516,정규직
517,정규직
518,정규직
519,정규직
520,정규직
521,정규직
522,정규직
523,정규직
524,정규직
525,정규직
526,정규직
527,정규직
528,정규직
529,정규직
530,정규직
531,정규직
532,정규직
533,정규직
534,정규직
535,정규직
536,정규직
537,정규직
538,정규직
539,정규직
540,정규직
541,정규직
542,정규직
543,정규직
544,정규직
545,정규직
546,정규직
547,정규직
548,정규직
549,정규직
550,정규직
551,정규직
552,정규직
553,정규직
554,정규직
555,정규직
556,정규직
557,정규직
558,정규직
559,정규직
560,정규직
561,정규직
562,정규직
563,촉탁직
564,정규직
565,정규직
566,정규직
567,정규직
568,정규직
569,정규직
570,정규직
571,정규직
572,정규직
573,정규직
574,정규직
575,정규직
576,정규직
577,정규직
578,정규직
579,정규직
580,정규직
581,정규직
582,정규직
583,정규직
584,정규직
585,정규직
586,정규직
587,정규직
588,정규직
589,정규직
590,정규직
591,정규직
592,정규직
593,정규직
594,정규직
595,정규직
596,정규직
597,정규직
598,정규직
599,정규직
600,정규직
601,정규직
602,정규직
603,정규직
604,정규직
605,정규직
606,정규직
607,정규직
608,정규직
609,정규직
610,정규직
611,정규직
612,정규직
613,정규직
614,정규직
615,정규직
616,정규직
617,정규직
618,정규직
619,정규직
620,정규직
621,정규직
622,정규직
623,정규직
624,정규직
625,정규직
626,정규직
627,정규직
628,정규직
629,정규직
630,정규직
631,정규직
632,정규직
633,정규직
634,정규직
635,정규직
636,정규직
637,정규직
638,정규직
639,정규직
640,정규직
641,정규직
642,정규직
643,정규직
644,정규직
645,정규직
646,정규직
647,정규직
648,정규직
649,정규직
650,정규직
651,정규직
652,정규직
653,정규직
654,정규직
655,정규직
656,정규직
657,정규직
658,정규직
659,정규직
660,정규직
661,정규직
662,정규직
663,정규직
664,정규직
665,정규직
666,정규직
667,정규직
668,정규직
669,정규직
670,정규직
671,정규직
672,정규직
673,정규직
674,정규직
675,정규직
676,정규직
677,정규직
678,정규직
679,정규직
680,정규직
681,정규직
682,정규직
683,정규직
684,정규직
685,정규직
686,정규직
687,정규직
688,정규직
689,정규직
690,정규직
691,정규직
692,정규직
693,정규직
694,정규직
695,정규직
696,정규직
697,정규직
698,정규직
699,정규직
700,정규직
701,정규직
702,정규직
703,정규직
704,정규직
705,정규직
706,정규직
707,정규직
708,정규직
709,정규직
710,정규직
711,정규직
712,정규직
713,정규직
714,정규직
715,정규직
716,정규직
717,정규직
718,정규직
719,정규직
720,정규직
721,정규직
722,정규직
723,정규직
724,정규직
725,정규직
726,정규직
727,정규직
728,정규직
729,정규직
730,정규직
731,정규직
732,정규직
733,정규직
734,정규직
735,정규직
736,정규직
737,정규직
738,정규직
739,정규직
740,정규직
741,정규직
742,정규직
743,정규직
744,정규직
745,정규직
746,정규직
747,정규직
748,정규직
749,정규직
750,정규직
751,정규직
752,정규직
753,정규직
754,정규직
755,정규직
756,정규직
757,정규직
758,정규직
759,정규직
760,정규직
761,정규직
762,정규직
763,정규직
764,정규직
765,정규직
766,정규직
767,정규직
768,정규직
769,정규직
770,정규직
771,정규직
772,정규직
773,정규직
774,정규직
775,정규직
776,정규직
777,정규직
778,정규직
779,정규직
780,정규직
781,촉탁직
782,정규직
783,정규직
784,정규직
785,정규직
786,정규직
787,정규직
788,정규직
789,정규직
790,정규직
791,정규직
792,정규직
793,정규직
794,정규직
795,정규직
796,정규직
797,정규직
798,정규직
799,정규직
800,정규직
801,정규직
802,정규직
803,정규직
804,정규직
805,정규직
806,정규직
807,정규직
808,정규직
809,정규직
810,정규직
811,정규직
812,정규직
813,정규직
814,정규직
815,정규직
816,정규직
817,정규직
818,정규직
819,정규직
820,정규직
821,정규직
822,정규직
823,정규직
824,정규직
825,정규직
826,정규직
827,정규직
828,정규직
829,정규직
830,정규직
831,정규직
832,정규직
833,정규직
834,정규직
835,정규직
836,정규직
837,정규직
838,정규직
839,정규직
840,정규직
841,정규직
842,정규직
843,정규직
844,정규직
845,정규직
846,정규직
847,정규직
848,정규직
849,정규직
850,정규직
851,정규직
852,정규직
853,정규직
854,정규직
855,정규직
856,정규직
857,정규직
858,정규직
859,정규직
860,정규직
861,정규직
862,정규직
863,정규직
864,정규직
865,정규직
866,정규직
867,정규직
868,정규직
869,정규직
870,정규직
871,정규직
872,정규직
873,정규직
874,정규직
875,정규직
876,정규직
877,정규직
878,정규직
879,정규직
880,정규직
881,정규직
882,정규직
883,정규직
884,정규직
885,정규직
886,정규직
887,정규직
888,정규직
889,정규직
890,정규직
891,정규직
892,정규직
893,정규직
894,정규직
895,정규직
896,정규직
897,정규직
898,정규직
899,정규직
900,정규직
901,정규직
902,정규직
903,정규직
904,정규직
905,정규직
906,정규직
907,정규직
908,정규직
909,정규직
910,정규직
911,정규직
912,정규직
913,정규직
914,정규직
915,정규직
916,정규직
917,정규직
918,정규직
919,정규직
920,정규직
921,정규직
922,정규직
923,정규직
924,정규직
925,정규직
926,정규직
927,정규직
928,정규직
929,정규직
930,정규직
931,정규직
932,정규직
933,정규직
934,정규직
935,정규직
936,정규직
937,정규직
938,정규직
939,정규직
940,정규직
941,정규직
942,정규직
943,정규직
944,정규직
945,정규직
946,정규직
947,정규직
948,정규직
949,정규직
950,정규직
951,정규직
952,정규직
953,정규직
954,정규직
955,정규직
956,정규직
957,정규직
958,정규직
959,정규직
960,정규직
961,정규직
962,정규직
963,정규직
964,정규직
965,정규직
966,정규직
967,정규직
968,정규직
969,정규직
970,정규직
971,정규직
972,정규직
973,정규직
974,정규직
975,정규직
976,정규직
977,정규직
978,정규직
979,정규직
980,정규직
981,정규직
982,정규직
983,정규직
984,정규직
985,정규직
986,정규직
987,정규직
988,정규직
989,정규직
990,정규직
991,정규직
992,정규직
993,정규직
994,정규직
995,정규직
996,정규직
997,정규직
998,정규직
999,정규직
1000,정규직
1001,정규직
1002,정규직
1003,정규직
1004,정규직
1005,정규직
1006,정규직
1007,정규직
1008,정규직
1009,정규직
1010,정규직
1011,정규직
1012,정규직
1013,정규직
1014,정규직
1015,정규직
1016,정규직
1017,정규직
1018,정규직
1019,정규직
1020,정규직
1021,정규직
1022,정규직
1023,정규직
1024,정규직
1025,정규직
1026,정규직
1027,정규직
1028,정규직
1029,정규직
1030,정규직
1031,정규직
1032,정규직
1033,촉탁직
1034,정규직
1035,정규직
1036,정규직
1037,정규직
1038,정규직
1039,정규직
1040,정규직
1041,정규직
1042,정규직
1043,정규직
1044,정규직
1045,정규직
1046,정규직
1047,정규직
1048,정규직
1049,정규직
1050,정규직
1051,정규직
1052,정규직
1053,정규직
1054,정규직
1055,정규직
1056,정규직
1057,정규직
1058,정규직
1059,촉탁직
1060,정규직
1061,정규직
1062,정규직
1063,정규직
1064,정규직
1065,정규직
1066,정규직
1067,정규직
1068,정규직
1069,정규직
1070,정규직
1071,정규직
1072,정규직
1073,정규직
1074,정규직
1075,정규직
1076,정규직
1077,정규직
1078,정규직
1079,정규직
1080,정규직
1081,정규직
1082,정규직
1083,정규직
1084,정규직
1085,정규직
1086,정규직
1087,정규직
1088,정규직
1089,정규직
1090,정규직
1091,정규직
1092,정규직
1093,정규직
1094,정규직
1095,정규직
1096,정규직
1097,정규직
1098,정규직
1099,정규직
1100,정규직
1101,정규직
1102,정규직
1103,정규직
1104,정규직
1105,정규직
1106,정규직
1107,정규직
1108,정규직
1109,정규직
1110,정규직
1111,정규직
1112,정규직
1113,정규직
1114,정규직
1115,정규직
1116,정규직
1117,정규직
1118,정규직
1119,정규직
1120,정규직
1121,정규직
1122,정규직
1123,정규직
1124,정규직
1125,정규직
1126,정규직
1127,정규직
1128,정규직
1129,정규직
1130,정규직
1131,정규직
1132,정규직
1133,정규직
1134,정규직
1135,정규직
1136,정규직
1137,정규직
1138,정규직
1139,정규직
1140,정규직
1141,정규직
1142,정규직
1143,정규직
1144,정규직
1145,촉탁직
1146,정규직
1147,정규직
1148,정규직
1149,정규직
1150,정규직
1151,정규직
1152,정규직
1153,정규직
1154,정규직
1155,정규직
1156,정규직
1157,정규직
1158,정규직
1159,정규직
1160,정규직
1161,정규직
1162,정규직
1163,정규직
1164,정규직
1165,정규직
1166,정규직
1167,정규직
1168,정규직
1169,정규직
1170,정규직
1171,정규직
1172,정규직
1173,정규직
1174,정규직
1175,정규직
1176,정규직
1177,정규직
1178,정규직
1179,정규직
1180,정규직
1181,정규직
1182,정규직
1183,정규직
1184,정규직
1185,정규직
1186,정규직
1187,정규직
1188,정규직
1189,정규직
1190,정규직
1191,정규직
1192,정규직
1193,정규직
1194,정규직
1195,정규직
1196,정규직
1197,정규직
1198,정규직
1199,정규직
1200,정규직
1201,정규직
1202,정규직
1203,정규직
1204,정규직
1205,정규직
1206,정규직
1207,정규직
1208,정규직
1209,정규직
1210,정규직
1211,정규직
1212,정규직
1213,정규직
1214,정규직
1215,정규직
1216,정규직
1217,정규직
1218,정규직
1219,정규직
1220,정규직
1221,정규직
1222,정규직
1223,정규직
1224,정규직
1225,정규직
1226,정규직
1227,정규직
1228,정규직
1229,정규직
1230,정규직
1231,정규직
1232,정규직
1233,정규직
1234,정규직
1235,정규직
1236,정규직
1237,정규직
1238,정규직
1239,정규직
1240,정규직
1241,정규직
1242,정규직
1243,정규직
1244,정규직
1245,촉탁직
1246,촉탁직
1247,정규직
1248,정규직
1249,정규직
1250,정규직
1251,정규직
1252,정규직
1253,정규직
1254,정규직
1255,정규직
1256,정규직
1257,정규직
1258,정규직
1259,정규직
1260,정규직
1261,정규직
1262,정규직
1263,정규직
1264,정규직
1265,정규직
1266,정규직
1267,정규직
1268,정규직
1269,정규직
1270,정규직
1271,정규직
1272,정규직
1273,정규직
1274,정규직
1275,정규직
1276,정규직
1277,정규직
1278,정규직
1279,정규직
1280,정규직
1281,정규직
1282,정규직
1283,정규직
1284,정규직
1285,정규직
1286,정규직
1287,정규직
1288,정규직
1289,정규직
1290,정규직
1291,정규직
1292,정규직
1293,정규직
1294,정규직
1295,정규직
1296,정규직
1297,정규직
1298,정규직
1299,정규직
1300,정규직
1301,정규직
1302,정규직
1303,정규직
1304,정규직
1305,정규직
1306,정규직
1307,정규직
1308,정규직
1309,정규직
1310,정규직
1311,정규직
1312,정규직
1313,정규직
1314,정규직
1315,정규직
1316,정규직
1317,정규직
1318,정규직
1319,정규직
1320,정규직
1321,정규직
1322,정규직
1323,정규직
1324,정규직
1325,정규직
1326,정규직
1327,정규직
1328,정규직
1329,정규직
1330,촉탁직
1331,정규직
1332,정규직
1333,정규직
1334,정규직
1335,정규직
1336,촉탁직
1337,정규직
1338,정규직
1339,정규직
1340,정규직
1341,정규직
1342,정규직
1343,정규직
1344,정규직
1345,정규직
1346,정규직
1347,정규직
1348,정규직
1349,정규직
1350,정규직
1351,정규직
1352,정규직
1353,정규직
1354,정규직
1355,정규직
1356,정규직
1357,정규직
1358,정규직
1359,정규직
1360,정규직
1361,정규직
1362,정규직
1363,정규직
1364,정규직
1365,정규직
1366,정규직
1367,정규직
1368,정규직
1369,정규직
1370,정규직
1371,정규직
1372,정규직
1373,정규직
1374,정규직
1375,정규직
1376,정규직
1377,정규직
1378,정규직
1379,정규직
1380,정규직
1381,정규직
1382,정규직
1383,정규직
1384,정규직
1385,정규직
1386,정규직
1387,정규직
1388,정규직
1389,정규직
1390,정규직
1391,정규직
1392,정규직
1393,정규직
1394,
1395,
1396,
1397,정규직
1398,
1399,정규직
1400,
1401,정규직
1402,
1403,정규직
1404,정규직
1405,정규직
1406,정규직
1407,정규직
1408,정규직
1409,정규직
1410,정규직
1411,정규직
1412,정규직
1413,정규직
1414,정규직
1415,정규직
1416,정규직
1417,정규직
1418,정규직
1419,정규직
1420,정규직
1421,정규직
1422,정규직
1423,정규직
1424,정규직
1425,정규직
1426,정규직
1427,정규직
1428,정규직
1429,정규직
1430,정규직
1431,정규직
1432,정규직
1433,정규직
1434,정규직
1435,정규직
1436,정규직
1437,
1438,
1439,
1440,
1441,
1442,
1443,
1444,
1445,
1446,
1447,
1448,
1449,
1450,
1451,
1452,
1453,
1454,
1455,
1456,
1457,
1458,
1459,
1460,
1461,
1462,
1463,
1464,
1465,
1466,
1467,
1468,
1469,
1470,
1471,
1472,
1473,
1474,
1475,
1476,
1477,
1478,
1479,
1480,
1481,
1482,
1483,
1484,
1485,
1486,
1487,
1488,
1489,
1490,
1491,
1492,
1493,
